-- MySQL dump 10.13  Distrib 8.4.0, for Win64 (x86_64)
--
-- Host: 127.0.0.1    Database: ssafy
-- ------------------------------------------------------
-- Server version	8.3.0

/*!40101 SET @OLD_CHARACTER_SET_CLIENT=@@CHARACTER_SET_CLIENT */;
/*!40101 SET @OLD_CHARACTER_SET_RESULTS=@@CHARACTER_SET_RESULTS */;
/*!40101 SET @OLD_COLLATION_CONNECTION=@@COLLATION_CONNECTION */;
/*!50503 SET NAMES utf8mb4 */;
/*!40103 SET @OLD_TIME_ZONE=@@TIME_ZONE */;
/*!40103 SET TIME_ZONE='+00:00' */;
/*!40014 SET @OLD_UNIQUE_CHECKS=@@UNIQUE_CHECKS, UNIQUE_CHECKS=0 */;
/*!40014 SET @OLD_FOREIGN_KEY_CHECKS=@@FOREIGN_KEY_CHECKS, FOREIGN_KEY_CHECKS=0 */;
/*!40101 SET @OLD_SQL_MODE=@@SQL_MODE, SQL_MODE='NO_AUTO_VALUE_ON_ZERO' */;
/*!40111 SET @OLD_SQL_NOTES=@@SQL_NOTES, SQL_NOTES=0 */;

--
-- Table structure for table `community`
--

DROP TABLE IF EXISTS `community`;
/*!40101 SET @saved_cs_client     = @@character_set_client */;
/*!50503 SET character_set_client = utf8mb4 */;
CREATE TABLE `community` (
  `community_id` bigint NOT NULL AUTO_INCREMENT,
  `leader_id` bigint NOT NULL,
  `title` varchar(30) NOT NULL,
  `cnt_users` int NOT NULL,
  `start_date` datetime DEFAULT NULL,
  `end_date` datetime DEFAULT NULL,
  `daily_goal_calories` int NOT NULL,
  `daily_goal_steps` int NOT NULL,
  `weekly_min_goal` int NOT NULL,
  PRIMARY KEY (`community_id`)
) ENGINE=InnoDB AUTO_INCREMENT=12 DEFAULT CHARSET=utf8mb4 COLLATE=utf8mb4_0900_ai_ci;
/*!40101 SET character_set_client = @saved_cs_client */;

--
-- Dumping data for table `community`
--

LOCK TABLES `community` WRITE;
/*!40000 ALTER TABLE `community` DISABLE KEYS */;
INSERT INTO `community` VALUES (11,1,'테스트',4,'2024-04-30 13:22:52','2024-06-19 13:22:52',400,2000,4);
/*!40000 ALTER TABLE `community` ENABLE KEYS */;
UNLOCK TABLES;

--
-- Table structure for table `community_diet`
--

DROP TABLE IF EXISTS `community_diet`;
/*!40101 SET @saved_cs_client     = @@character_set_client */;
/*!50503 SET character_set_client = utf8mb4 */;
CREATE TABLE `community_diet` (
  `community_diet_id` bigint NOT NULL AUTO_INCREMENT,
  `community_id` bigint NOT NULL,
  `diet_id` bigint NOT NULL,
  PRIMARY KEY (`community_diet_id`),
  KEY `fk_community_community_diet` (`community_id`),
  KEY `fk_diet_community_diet` (`diet_id`),
  CONSTRAINT `fk_community_community_diet` FOREIGN KEY (`community_id`) REFERENCES `community` (`community_id`) ON DELETE CASCADE,
  CONSTRAINT `fk_diet_community_diet` FOREIGN KEY (`diet_id`) REFERENCES `diet` (`diet_id`) ON DELETE CASCADE
) ENGINE=InnoDB AUTO_INCREMENT=32 DEFAULT CHARSET=utf8mb4 COLLATE=utf8mb4_0900_ai_ci;
/*!40101 SET character_set_client = @saved_cs_client */;

--
-- Dumping data for table `community_diet`
--

LOCK TABLES `community_diet` WRITE;
/*!40000 ALTER TABLE `community_diet` DISABLE KEYS */;
INSERT INTO `community_diet` VALUES (28,11,43),(29,11,44),(30,11,96),(31,11,45);
/*!40000 ALTER TABLE `community_diet` ENABLE KEYS */;
UNLOCK TABLES;

--
-- Table structure for table `community_report`
--

DROP TABLE IF EXISTS `community_report`;
/*!40101 SET @saved_cs_client     = @@character_set_client */;
/*!50503 SET character_set_client = utf8mb4 */;
CREATE TABLE `community_report` (
  `community_report_id` bigint NOT NULL AUTO_INCREMENT,
  `user_id` bigint NOT NULL,
  `community_id` bigint NOT NULL,
  `type` enum('욕설','부적절한 표현','음란성글') NOT NULL,
  `desc` varchar(300) NOT NULL,
  PRIMARY KEY (`community_report_id`),
  KEY `fk_community_community_report` (`community_id`),
  CONSTRAINT `fk_community_community_report` FOREIGN KEY (`community_id`) REFERENCES `community` (`community_id`) ON DELETE CASCADE
) ENGINE=InnoDB DEFAULT CHARSET=utf8mb4 COLLATE=utf8mb4_0900_ai_ci;
/*!40101 SET character_set_client = @saved_cs_client */;

--
-- Dumping data for table `community_report`
--

LOCK TABLES `community_report` WRITE;
/*!40000 ALTER TABLE `community_report` DISABLE KEYS */;
/*!40000 ALTER TABLE `community_report` ENABLE KEYS */;
UNLOCK TABLES;

--
-- Table structure for table `diet`
--

DROP TABLE IF EXISTS `diet`;
/*!40101 SET @saved_cs_client     = @@character_set_client */;
/*!50503 SET character_set_client = utf8mb4 */;
CREATE TABLE `diet` (
  `diet_id` bigint NOT NULL AUTO_INCREMENT,
  `user_id` bigint NOT NULL,
  `create_datetime` datetime DEFAULT NULL,
  `total_calories` double DEFAULT '0',
  `total_carbohydrate` double DEFAULT '0',
  `total_protein` double DEFAULT '0',
  `total_fat` double DEFAULT '0',
  PRIMARY KEY (`diet_id`),
  KEY `fk_users_diet` (`user_id`),
  CONSTRAINT `fk_users_diet` FOREIGN KEY (`user_id`) REFERENCES `users` (`user_id`) ON DELETE CASCADE
) ENGINE=InnoDB AUTO_INCREMENT=99 DEFAULT CHARSET=utf8mb4 COLLATE=utf8mb4_0900_ai_ci;
/*!40101 SET character_set_client = @saved_cs_client */;

--
-- Dumping data for table `diet`
--

LOCK TABLES `diet` WRITE;
/*!40000 ALTER TABLE `diet` DISABLE KEYS */;
INSERT INTO `diet` VALUES (31,1,'2024-05-15 07:00:00',901.3433333333332,123.83634920634923,67.4329365079365,15.119444444444445),(32,1,'2024-05-15 13:00:00',819.059546882089,49.29981118507901,81.41228914630543,32.94773847836784),(33,1,'2024-05-15 19:00:00',1106.4854545454546,66.29636363636364,110.91575757575755,44.34272727272727),(34,1,'2024-05-16 07:00:00',1047.585,128.04,70.55,28.11),(35,1,'2024-05-16 13:00:00',824.9733333333332,103.53333333333333,50.866666666666674,23.035555555555547),(36,1,'2024-05-16 19:00:00',1012.3525,132.2075,56.46,28.645),(37,1,'2024-05-17 07:00:00',896.47,97.95000000000002,61.81,28.57),(38,1,'2024-05-17 13:00:00',795.78,99.86999999999999,49.506000000000014,22.128),(39,1,'2024-05-17 19:00:00',1005.058888888889,125.61677777777778,62.89877777777778,27.920333333333332),(40,1,'2024-05-18 07:00:00',682.5,65.644,54.693999999999996,22.186999999999998),(41,1,'2024-05-18 13:00:00',1225.2286956521739,162.0173913043478,78.91695652173914,28.85826086956522),(42,1,'2024-05-18 19:00:00',910.2419047619046,91.1497619047619,79.51571428571428,25.302619047619046),(43,1,'2024-05-19 07:00:00',675.5516666666666,68.89583333333333,47.35183333333333,22.249833333333335),(44,1,'2024-05-19 13:00:00',684.4200000000001,85.39957142857142,42.928714285714285,19.17),(45,1,'2024-05-19 19:00:00',1039.0519047619048,130.01380952380953,64.93380952380951,28.953809523809525),(76,3,'2024-05-15 07:00:00',901.3433333333332,123.83634920634921,67.43293650793652,15.119444444444444),(77,3,'2024-05-15 13:00:00',819.059546882089,49.29981118507901,81.41228914630543,32.94773847836784),(78,3,'2024-05-15 19:00:00',1106.4854545454546,66.29636363636364,110.91575757575755,44.34272727272727),(79,3,'2024-05-16 07:00:00',1047.585,128.04,70.55,28.11),(80,3,'2024-05-16 13:00:00',824.9733333333332,103.53333333333333,50.866666666666674,23.035555555555547),(81,3,'2024-05-16 19:00:00',1012.3525,132.2075,56.46,28.645),(82,3,'2024-05-17 07:00:00',896.47,97.95000000000002,61.81,28.57),(83,3,'2024-05-17 13:00:00',795.7800000000001,99.86999999999999,49.506000000000014,22.128),(84,3,'2024-05-17 19:00:00',1005.058888888889,125.61677777777778,62.89877777777778,27.920333333333332),(85,3,'2024-05-18 07:00:00',682.5,65.644,54.694,22.186999999999998),(86,3,'2024-05-18 13:00:00',1225.2286956521739,162.0173913043478,78.91695652173914,28.85826086956522),(87,3,'2024-05-18 19:00:00',910.2419047619046,91.1497619047619,79.51571428571428,25.302619047619046),(88,3,'2024-05-19 07:00:00',675.5516666666666,68.89583333333334,47.35183333333334,22.24983333333333),(89,3,'2024-05-19 13:00:00',684.42,85.39957142857142,42.928714285714285,19.169999999999998),(90,3,'2024-05-19 19:00:00',1039.0519047619048,130.01380952380953,64.93380952380951,28.953809523809525),(93,8,'2024-05-19 16:46:03',3,0,0.03,0),(94,4,'2024-05-19 17:57:11',27,3.18,1.7,0.78),(95,4,'2024-05-19 19:06:06',247,27.61,11,10.31),(96,4,'2024-05-19 20:48:54',157,29.830000000000002,4.45,1.55);
/*!40000 ALTER TABLE `diet` ENABLE KEYS */;
UNLOCK TABLES;

--
-- Table structure for table `diet_food`
--

DROP TABLE IF EXISTS `diet_food`;
/*!40101 SET @saved_cs_client     = @@character_set_client */;
/*!50503 SET character_set_client = utf8mb4 */;
CREATE TABLE `diet_food` (
  `diet_food_id` bigint NOT NULL AUTO_INCREMENT,
  `diet_id` bigint NOT NULL,
  `food_id` bigint NOT NULL,
  `serving_size` double DEFAULT NULL,
  PRIMARY KEY (`diet_food_id`),
  KEY `fk_diet_diet_food` (`diet_id`),
  KEY `fk_food_diet_food` (`food_id`),
  CONSTRAINT `fk_diet_diet_food` FOREIGN KEY (`diet_id`) REFERENCES `diet` (`diet_id`) ON DELETE CASCADE
) ENGINE=InnoDB AUTO_INCREMENT=189 DEFAULT CHARSET=utf8mb4 COLLATE=utf8mb4_0900_ai_ci;
/*!40101 SET character_set_client = @saved_cs_client */;

--
-- Dumping data for table `diet_food`
--

LOCK TABLES `diet_food` WRITE;
/*!40000 ALTER TABLE `diet_food` DISABLE KEYS */;
INSERT INTO `diet_food` VALUES (56,31,95964,1),(57,31,95947,1),(58,31,95746,1),(59,31,95942,1),(60,32,96223,1),(61,32,95419,1),(62,32,95780,1),(63,32,95991,1),(64,33,95881,1),(65,33,96219,1),(66,33,96267,1),(67,33,95730,1),(68,34,96065,1),(69,34,96178,1),(70,34,95737,1),(71,34,96331,1),(72,35,96238,1),(73,35,95837,1),(74,35,95760,1),(75,35,95943,1),(76,36,46662,1),(77,36,95751,1),(78,36,95915,1),(79,36,96304,1),(80,37,46629,1),(81,37,95970,1),(82,37,96014,1),(83,37,95926,1),(84,38,95827,1),(85,38,96431,1),(86,38,95779,1),(87,38,96035,1),(88,39,96136,1),(89,39,96098,1),(90,39,96015,1),(91,39,96289,1),(92,40,33790,1),(93,40,96306,1),(94,40,96294,1),(95,40,96216,1),(96,41,96230,1),(97,41,95748,1),(98,41,96048,1),(99,41,33753,1),(100,42,96036,1),(101,42,95835,1),(102,42,96073,1),(103,42,96251,1),(104,43,96341,1),(105,43,95861,1),(106,43,96266,1),(107,43,96094,1),(108,44,96381,1),(109,44,95993,1),(110,44,95964,1),(111,44,96040,1),(112,45,95727,1),(113,45,95688,1),(114,45,95703,1),(115,45,95845,1),(116,76,95964,1),(117,76,95942,1),(118,76,95746,1),(119,76,95947,1),(120,77,95419,1),(121,77,96223,1),(122,77,95780,1),(123,77,95991,1),(124,78,95881,1),(125,78,96219,1),(126,78,96267,1),(127,78,95730,1),(128,79,96178,1),(129,79,95737,1),(130,79,96331,1),(131,79,96065,1),(132,80,95760,1),(133,80,96238,1),(134,80,95837,1),(135,80,95943,1),(136,81,46662,1),(137,81,95751,1),(138,81,95915,1),(139,81,96304,1),(140,82,95970,1),(141,82,95926,1),(142,82,46629,1),(143,82,96014,1),(144,83,95827,1),(145,83,96431,1),(146,83,96035,1),(147,83,95779,1),(148,84,96136,1),(149,84,96098,1),(150,84,96015,1),(151,84,96289,1),(152,85,96216,1),(153,85,33790,1),(154,85,96306,1),(155,85,96294,1),(156,86,96048,1),(157,86,33753,1),(158,86,96230,1),(159,86,95748,1),(160,87,95835,1),(161,87,96036,1),(162,87,96251,1),(163,87,96073,1),(164,88,95861,1),(165,88,96266,1),(166,88,96341,1),(167,88,96094,1),(168,89,95964,1),(169,89,95993,1),(170,89,96040,1),(171,89,96381,1),(172,90,95845,1),(173,90,95703,1),(174,90,95727,1),(175,90,95688,1),(178,93,1166,1),(179,94,62540,1),(180,95,4323,1),(181,96,62540,1),(182,96,14,1),(183,96,69067,1);
/*!40000 ALTER TABLE `diet_food` ENABLE KEYS */;
UNLOCK TABLES;

--
-- Table structure for table `exercise`
--

DROP TABLE IF EXISTS `exercise`;
/*!40101 SET @saved_cs_client     = @@character_set_client */;
/*!50503 SET character_set_client = utf8mb4 */;
CREATE TABLE `exercise` (
  `exercise_id` bigint NOT NULL AUTO_INCREMENT,
  `calories_burned` double DEFAULT '0',
  `steps` bigint DEFAULT '0',
  `step_start_date` date DEFAULT NULL,
  `calories_start_date` date DEFAULT NULL,
  `user_id` bigint NOT NULL,
  PRIMARY KEY (`exercise_id`),
  UNIQUE KEY `calories_burned_UNIQUE` (`calories_burned`)
) ENGINE=InnoDB AUTO_INCREMENT=54 DEFAULT CHARSET=utf8mb4 COLLATE=utf8mb4_0900_ai_ci;
/*!40101 SET character_set_client = @saved_cs_client */;

--
-- Dumping data for table `exercise`
--

LOCK TABLES `exercise` WRITE;
/*!40000 ALTER TABLE `exercise` DISABLE KEYS */;
INSERT INTO `exercise` VALUES (3,125,2652,'2024-05-02','2024-05-02',2),(4,1500,388,'2024-04-29','2024-04-29',2),(13,8500,1388,'2024-04-30','2024-04-30',2),(14,0,0,'2024-05-08','2024-05-08',2),(15,250,5872,'2024-05-17','2024-05-17',1),(16,397,9936,'2024-05-16','2024-05-16',1),(17,263,6582,'2024-05-15','2024-05-15',1),(18,268,6707,'2024-05-14','2024-05-14',1),(19,235,5890,'2024-05-13','2024-05-13',1),(20,351,8798,'2024-05-12','2024-05-12',1),(21,161,4047,'2024-05-11','2024-05-11',1),(22,404,10117,'2024-05-10','2024-05-10',1),(23,254,6358,'2024-05-09','2024-05-09',1),(24,319,7978,'2024-05-08','2024-05-08',1),(25,285,7125,'2024-05-07','2024-05-07',1),(26,387,9693,'2024-05-06','2024-05-06',1),(27,176,4409,'2024-05-05','2024-05-05',1),(28,280,7016,'2024-05-04','2024-05-04',1),(29,276,6923,'2024-05-03','2024-05-03',1),(30,368,9200,'2024-05-02','2024-05-02',1),(31,279,7015,'2024-05-01','2024-05-01',1);
/*!40000 ALTER TABLE `exercise` ENABLE KEYS */;
UNLOCK TABLES;

--
-- Table structure for table `food`
--

DROP TABLE IF EXISTS `food`;
/*!40101 SET @saved_cs_client     = @@character_set_client */;
/*!50503 SET character_set_client = utf8mb4 */;
CREATE TABLE `food` (
  `food_id` bigint NOT NULL AUTO_INCREMENT,
  `code` varchar(10) DEFAULT NULL,
  `name` varchar(50) DEFAULT NULL,
  `image` varchar(300) DEFAULT NULL,
  `major_category` varchar(30) DEFAULT NULL,
  `minor_category` varchar(30) DEFAULT NULL,
  `serving_size` int DEFAULT NULL,
  `serving_unit` varchar(10) DEFAULT NULL,
  `calories` double DEFAULT NULL,
  `moisture` double DEFAULT NULL,
  `protein` double DEFAULT NULL,
  `fat` double DEFAULT NULL,
  `carbohydrate` double DEFAULT NULL,
  `sodium` double DEFAULT NULL,
  `total_sugars` double DEFAULT NULL,
  `total_dietary_fiber` double DEFAULT NULL,
  PRIMARY KEY (`food_id`)
) ENGINE=InnoDB DEFAULT CHARSET=utf8mb4 COLLATE=utf8mb4_0900_ai_ci;
/*!40101 SET character_set_client = @saved_cs_client */;

--
-- Dumping data for table `food`
--

LOCK TABLES `food` WRITE;
/*!40000 ALTER TABLE `food` DISABLE KEYS */;
/*!40000 ALTER TABLE `food` ENABLE KEYS */;
UNLOCK TABLES;

--
-- Table structure for table `food_combinations`
--

DROP TABLE IF EXISTS `food_combinations`;
/*!40101 SET @saved_cs_client     = @@character_set_client */;
/*!50503 SET character_set_client = utf8mb4 */;
CREATE TABLE `food_combinations` (
  `id` int NOT NULL AUTO_INCREMENT,
  `food_names` json NOT NULL,
  `total_calories_ratio` float NOT NULL,
  `carbs_ratio` float NOT NULL,
  `protein_ratio` float NOT NULL,
  `fat_ratio` float NOT NULL,
  PRIMARY KEY (`id`),
  KEY `idx_calories_carbs_protein` (`total_calories_ratio`,`carbs_ratio`,`protein_ratio`,`fat_ratio`)
) ENGINE=InnoDB AUTO_INCREMENT=262 DEFAULT CHARSET=utf8mb4 COLLATE=utf8mb4_0900_ai_ci;
/*!40101 SET character_set_client = @saved_cs_client */;

--
-- Dumping data for table `food_combinations`
--

LOCK TABLES `food_combinations` WRITE;
/*!40000 ALTER TABLE `food_combinations` DISABLE KEYS */;
INSERT INTO `food_combinations` VALUES (1,'[\"해물덮밥\", \"순두부찌개\", \"양미리조림\", \"송화다식\"]',0.82287,0.102715,0.05154,0.022874),(2,'[\"회덮밥\", \"어탕\", \"새우구이\", \"얼갈이배추김치\"]',0.822751,0.082443,0.072051,0.022755),(3,'[\"오징어덮밥\", \"우거지곰탕\", \"북어조림\", \"오이장아찌\"]',0.813684,0.111793,0.060875,0.013649),(4,'[\"알밥\", \"콩나물 된장국\", \"소등심 스테이크\", \"양념오징어젓\"]',0.833378,0.05022,0.083155,0.033247),(5,'[\"카레라이스\", \"콩나물 김치국\", \"채소돼지고기볶음\", \"해파리냉채\"]',0.822781,0.102983,0.051325,0.022911),(6,'[\"잡곡밥\", \"소탕\", \"새우구이\", \"총각김치\"]',0.822821,0.082559,0.071797,0.022822),(7,'[\"차조밥\", \"연포탕\", \"배추김치 고등어조림\", \"갑오징어무침\"]',0.813385,0.111864,0.061197,0.013554),(8,'[\"알밥\", \"우거지된장국\", \"소고기산적\", \"북어채무침\"]',0.833267,0.050313,0.083148,0.033272),(9,'[\"비빔냉면\", \"돼지고기 배추김치 순두부찌개\", \"버섯소불고기\", \"쑥절편\"]',0.822662,0.103188,0.051299,0.022851),(10,'[\"잡탕밥\", \"쇠고기미역국\", \"소등심 스테이크\", \"양상추샐러드\"]',0.833275,0.050163,0.083254,0.033307),(11,'[\"검정콩밥\", \"미역 된장국\", \"새우구이\", \"잔멸치풋고추볶음\"]',0.833462,0.050167,0.082844,0.033527),(12,'[\"쟁반국수\", \"시금치 된장국\", \"소고기 수육\", \"잔멸치견과류볶음\"]',0.832971,0.050014,0.083675,0.03334),(13,'[\"알밥\", \"시래기 된장국\", \"소등심 스테이크\", \"두부달걀찜\"]',0.833516,0.049921,0.083232,0.033331),(14,'[\"검정콩밥\", \"바지락 된장찌개\", \"해물찜\", \"잔멸치고추볶음\"]',0.833394,0.050003,0.083409,0.033194),(15,'[\"회덮밥\", \"오리백숙\", \"소고기 수육\", \"해파리냉채\"]',0.833192,0.050158,0.083367,0.033282),(16,'[\"알밥\", \"순두부김치찌개\", \"쇠고기수육\", \"꽈리고추잔멸치볶음\"]',0.833291,0.050354,0.083018,0.033337),(17,'[\"잡탕밥\", \"갈비탕\", \"쇠불고기\", \"배추겉절이\"]',0.833328,0.049916,0.083436,0.03332),(18,'[\"알밥\", \"된장 소고기 두부찌개\", \"소고기 수육\", \"고구마튀김\"]',0.83331,0.049999,0.083374,0.033318),(19,'[\"계란볶음밥\", \"연포탕\", \"황태구이\", \"시금치나물\"]',0.833374,0.049993,0.083325,0.033307),(20,'[\"알밥\", \"콩나물 김치국\", \"소고기 수육\", \"버섯전\"]',0.833172,0.04992,0.083518,0.03339),(21,'[\"계란볶음밥\", \"우거지곰탕\", \"배추김치 고등어조림\", \"오징어산적\"]',0.833405,0.049933,0.083447,0.033215),(22,'[\"잡탕밥\", \"갈비탕\", \"쇠불고기\", \"배추겉절이\"]',0.833328,0.049916,0.083436,0.03332),(23,'[\"알밥\", \"복지리탕\", \"참치머리구이\", \"유채나물\"]',0.833257,0.049923,0.083567,0.033253),(24,'[\"잡곡밥\", \"육개장\", \"소고기 갈비구이\", \"소라산적\"]',0.833286,0.050119,0.083333,0.033262),(25,'[\"제육덮밥\", \"시래기 된장국\", \"소안심 스테이크\", \"소라산적\"]',0.833089,0.050171,0.083442,0.033298),(26,'[\"소고기배추김치볶음밥\", \"우거지곰탕\", \"소고기 갈비구이\", \"북어채무침\"]',0.834422,0.049743,0.082514,0.033321),(27,'[\"계란볶음밥\", \"콩나물된장국\", \"조기조림\", \"북어채무침\"]',0.833265,0.050045,0.083323,0.033367),(28,'[\"알밥\", \"쇠고기된장찌개\", \"소고기 수육\", \"고구마튀김\"]',0.833194,0.050043,0.083428,0.033335),(29,'[\"보리밥\", \"청국장찌개\", \"황태구이\", \"도토리묵무침\"]',0.822096,0.10048,0.055364,0.022059),(30,'[\"해물볶음밥\", \"울면\", \"양념꽃게장\", \"양송이버섯볶음\"]',0.822829,0.113762,0.040532,0.022878),(31,'[\"카레라이스\", \"육개장\", \"떡채소돼지갈비찜\", \"쥐포조림\"]',0.822964,0.113862,0.04037,0.022804),(32,'[\"볶음우동\", \"어죽\", \"소고기죽순볶음\", \"마늘빵\"]',0.822901,0.113725,0.040412,0.022962),(33,'[\"오므라이스\", \"감자국\", \"오징어조림\", \"백설기\"]',0.823149,0.11381,0.040119,0.022923),(34,'[\"쇠고기주먹밥\", \"얼갈이배춧국\", \"소고기메추리알장조림\", \"양장피\"]',0.822943,0.103226,0.0509,0.022931),(35,'[\"비빔밥\", \"소고기 미역국\", \"쇠고기장조림\", \"오이지\"]',0.822991,0.103285,0.050744,0.02298),(36,'[\"오곡밥\", \"어죽\", \"조기구이\", \"숙주나물무침\"]',0.822906,0.103622,0.050564,0.022908),(37,'[\"불고기덮밥\", \"얼갈이배춧국\", \"쇠고기장조림\", \"풋고추잔멸치볶음\"]',0.822889,0.103618,0.050645,0.022848),(38,'[\"수수밥\", \"호박잎 된장국\", \"소고기메추리알장조림\", \"시래기나물무침\"]',0.823272,0.10304,0.050675,0.023012),(39,'[\"찰밥\", \"어묵김치찌개\", \"소불고기\", \"오이김치\"]',0.823097,0.103304,0.05065,0.022949),(40,'[\"수수밥\", \"우렁된장국\", \"조기찜\", \"팥시루떡\"]',0.822996,0.103497,0.050562,0.022946),(41,'[\"오징어덮밥\", \"고추장 호박찌개\", \"코다리찜\", \"숙주나물\"]',0.813508,0.111786,0.061173,0.013533),(42,'[\"무밥\", \"전복탕\", \"오징어물회\", \"유채나물무침\"]',0.813417,0.112,0.061075,0.013508),(43,'[\"해물덮밥\", \"무 굴국\", \"새우구이\", \"배추나물\"]',0.823099,0.082127,0.071993,0.022781),(44,'[\"오곡밥\", \"육개장\", \"소고기메추리알장조림\", \"깻잎김치\"]',0.813677,0.111357,0.061286,0.013681),(45,'[\"잡탕밥\", \"해물 된장국\", \"팔보채\", \"해물콩나물찜\"]',0.822794,0.082236,0.072232,0.022738),(46,'[\"차조밥\", \"쇠고기된장찌개\", \"오징어돼지고기볶음\", \"새싹채소샐러드\"]',0.822695,0.103248,0.05118,0.022876),(47,'[\"찰밥\", \"미역 된장국\", \"북어찜\", \"피조개무침\"]',0.813327,0.112047,0.061028,0.013597),(48,'[\"알밥\", \"해물된장국\", \"코다리조림\", \"부추오이무침\"]',0.822807,0.082422,0.071864,0.022907),(49,'[\"찰밥\", \"돼지고기 배추김치 순두부찌개\", \"참치머리구이\", \"배추나물무침\"]',0.822606,0.082699,0.071867,0.022827),(50,'[\"참치볶음밥\", \"고추장 호박찌개\", \"참치머리구이\", \"동치미\"]',0.822817,0.102827,0.051536,0.022821),(51,'[\"참치덮밥\", \"복지리탕\", \"쇠고기사태찜\", \"어묵잡채\"]',0.822853,0.103061,0.051215,0.022871),(52,'[\"해물볶음밥\", \"해물 매운탕\", \"쇠고기장조림\", \"북어채무침\"]',0.822616,0.082135,0.072489,0.02276),(53,'[\"하이라이스\", \"콩나물된장찌개\", \"채소돼지고기볶음\", \"조미김\"]',0.822811,0.102839,0.051493,0.022858),(54,'[\"완두콩밥\", \"배추 된장국\", \"채소오징어볶음\", \"잔멸치풋고추볶음\"]',0.813728,0.111495,0.061167,0.01361),(55,'[\"참치덮밥\", \"버섯찌개\", \"팔보채\", \"어묵조림\"]',0.822926,0.102681,0.051513,0.02288),(56,'[\"수수밥\", \"고추장 소고기 두부찌개\", \"북어조림\", \"오징어채무침\"]',0.813588,0.111846,0.060986,0.01358),(57,'[\"흑미밥\", \"대합 미역국\", \"채소돼지고기볶음\", \"열무된장나물무침\"]',0.822625,0.102962,0.051591,0.022822),(58,'[\"소고기볶음밥\", \"호박잎 된장국\", \"소고기 수육\", \"팥찹쌀떡\"]',0.822926,0.082313,0.071964,0.022798),(59,'[\"오징어덮밥\", \"콩나물국\", \"참치머리구이\", \"오이소박이\"]',0.822889,0.082264,0.071965,0.022882),(60,'[\"비빔냉면\", \"돼지고기 배추김치 순두부찌개\", \"쥐포구이\", \"콩조림\"]',0.813416,0.111814,0.061214,0.013556),(61,'[\"자장밥\", \"청국장찌개\", \"회무침\", \"오징어채조림\"]',0.822783,0.102857,0.051569,0.022792),(62,'[\"무밥\", \"쇠고기미역국\", \"팔보채\", \"동치미\"]',0.813689,0.111667,0.06096,0.013683),(63,'[\"완두콩밥\", \"연포탕\", \"소불고기\", \"갑오징어무침\"]',0.822774,0.082353,0.071962,0.022911),(64,'[\"차조밥\", \"해물탕\", \"탕수육\", \"애호박볶음\"]',0.82284,0.10286,0.051454,0.022845),(65,'[\"현미밥\", \"된장 소고기 두부찌개\", \"소등심 스테이크\", \"표고버섯볶음\"]',0.823008,0.082213,0.071975,0.022804),(66,'[\"오징어덮밥\", \"오징어찌개\", \"쇠고기장조림\", \"견과류 잔멸치볶음\"]',0.813438,0.111931,0.061067,0.013564),(67,'[\"영양돌솥밥\", \"감자국\", \"소고기죽순볶음\", \"마늘쫑멸치볶음\"]',0.822958,0.102873,0.051419,0.022751),(68,'[\"차조밥\", \"호박잎 된장국\", \"채소돼지고기볶음\", \"숙주나물\"]',0.8231,0.102817,0.051217,0.022866),(69,'[\"하이라이스\", \"순두부달걀탕\", \"코다리조림\", \"무생채\"]',0.813524,0.11182,0.061124,0.013532),(70,'[\"참치덮밥\", \"묵밥\", \"건갈치조림\", \"노각무침\"]',0.861104,0.112027,0.013434,0.013434),(71,'[\"무밥\", \"짬뽕\", \"소고기 사태찜\", \"미역초무침\"]',0.822978,0.102979,0.051281,0.022762),(72,'[\"자장밥\", \"열무김치국수\", \"미꾸라지튀김\", \"야채전\"]',0.851779,0.102403,0.022909,0.022909),(73,'[\"참치볶음밥\", \"우거지 된장국\", \"오리불고기\", \"북어채무침\"]',0.822946,0.102798,0.051478,0.022778),(74,'[\"완두콩밥\", \"콩나물된장국\", \"북어찜\", \"가죽나물무침\"]',0.81336,0.112095,0.061047,0.013498),(75,'[\"찰밥\", \"달래 된장찌개\", \"쇠고기수육\", \"취나물\"]',0.822847,0.082398,0.071881,0.022873),(76,'[\"팥밥\", \"버섯찌개\", \"북어찜\", \"멸치마능쫑볶음\"]',0.813459,0.11189,0.061071,0.01358),(77,'[\"오곡밥\", \"시래기된장국\", \"새우탕수육\", \"북어채무침\"]',0.813573,0.112226,0.060669,0.013531),(78,'[\"참치덮밥\", \"우거지 된장국\", \"쥐포구이\", \"양념갈치젓\"]',0.813694,0.111641,0.061124,0.013541),(79,'[\"송이덮밥\", \"얼갈이배추 된장국\", \"소안심 스테이크\", \"미나리전\"]',0.822755,0.082271,0.072068,0.022906),(80,'[\"수수밥\", \"아욱 된장국\", \"참치머리구이\", \"양념오징어젓\"]',0.822486,0.082474,0.072128,0.022911),(81,'[\"하이라이스\", \"소고기 배추국\", \"소고기 사태찜\", \"잔멸치고추볶음\"]',0.823298,0.082175,0.071659,0.022867),(82,'[\"콩나물밥\", \"오리탕\", \"소고기 수육\", \"배추겉절이\"]',0.822716,0.082036,0.072419,0.022828),(83,'[\"영양돌솥밥\", \"뼈다귀 해장국\", \"쇠고기수육\", \"고춧가루콩나물무침\"]',0.823241,0.082078,0.071789,0.022892),(84,'[\"흑미밥\", \"시금치된장국\", \"소고기 사태찜\", \"콩나물고춧가루무침\"]',0.823057,0.102892,0.051248,0.022803),(85,'[\"육회비빔밥\", \"된장 소고기 두부찌개\", \"채소 돼지고기볶음\", \"멸치마능쫑볶음\"]',0.823115,0.102287,0.051614,0.022983),(86,'[\"회덮밥\", \"미역오이냉국\", \"참꼬막\", \"채소어묵볶음\"]',0.822825,0.103102,0.051295,0.022777),(87,'[\"잡곡밥\", \"우거지곰탕\", \"버섯 돼지고기볶음\", \"참치 김치볶음\"]',0.822701,0.102654,0.051602,0.023043),(88,'[\"수수밥\", \"미소된장국\", \"뱅어포구이\", \"무장아찌\"]',0.822716,0.102944,0.051414,0.022925),(89,'[\"흑미밥\", \"두부 된장찌개\", \"소등심 스테이크\", \"견과류 잔멸치볶음\"]',0.822786,0.082471,0.071874,0.02287),(90,'[\"수수밥\", \"김치 순두부찌개\", \"오징어 돼지고기볶음\", \"굴전\"]',0.85058,0.103288,0.023066,0.023066),(91,'[\"무밥\", \"소고기무국\", \"소갈비찜\", \"백설기\"]',0.822701,0.102963,0.051504,0.022832),(92,'[\"차조밥\", \"해물 매운탕\", \"삼치구이\", \"갓김치\"]',0.822671,0.082464,0.071994,0.022871),(93,'[\"카레라이스\", \"어죽\", \"삼치구이\", \"고춧가루 참나물겉절이\"]',0.822324,0.103281,0.051445,0.02295),(94,'[\"장어덮밥\", \"수제비\", \"낙지볶음\", \"양념갈치젓\"]',0.851373,0.102837,0.022895,0.022895),(95,'[\"카레라이스\", \"북어국\", \"소고기산적\", \"찹쌀떡\"]',0.8229,0.102862,0.051469,0.022769),(96,'[\"해물덮밥\", \"고추장 호박찌개\", \"버섯 소고기볶음\", \"서대회무침\"]',0.822773,0.102735,0.051511,0.02298),(97,'[\"잡채밥\", \"순두부달걀탕\", \"키조개구이\", \"마늘쫑멸치볶음\"]',0.822831,0.102988,0.051369,0.022813),(98,'[\"찰밥\", \"어탕\", \"쇠고기완자전\", \"건새우 마늘쫑볶음\"]',0.82277,0.082278,0.071998,0.022954),(99,'[\"현미밥\", \"소고기육개장\", \"순대볶음\", \"잔멸치볶음\"]',0.822743,0.10282,0.051465,0.022972),(100,'[\"흑미밥\", \"된장 소고기 두부찌개\", \"고추장 장어구이\", \"채소오징어무침\"]',0.823002,0.102761,0.051372,0.022865),(101,'[\"오곡밥\", \"해물순두부찌개\", \"미트볼조림\", \"가지나물\"]',0.822655,0.102839,0.051644,0.022863),(102,'[\"곤드레나물밥\", \"버섯전골\", \"묵은지김치삼겹살볶음\", \"굴무생채\"]',0.87411,0.051476,0.051476,0.022937),(103,'[\"김밥\", \"재첩국\", \"간장돼지갈비구이\", \"채소달걀말이\"]',0.873755,0.051731,0.051731,0.022783),(104,'[\"회덮밥\", \"콩나물 김치국\", \"해물찜\", \"잔멸치견과류볶음\"]',0.82991,0.090113,0.050002,0.029975),(105,'[\"약초비빔밥\", \"아욱 된장국\", \"채소돼지고기볶음\", \"갓김치\"]',0.829711,0.090168,0.050085,0.030036),(106,'[\"유부초밥\", \"미역된장국\", \"뱅어포구이\", \"시금치나물\"]',0.830006,0.089949,0.050068,0.029977),(107,'[\"오곡밥\", \"새우젓두부찌개\", \"굴무침\", \"수정과\"]',0.846744,0.094277,0.012118,0.04686),(108,'[\"영양돌솥밥\", \"해물된장국\", \"소등심 스테이크\", \"양념멸치젓\"]',0.822806,0.086129,0.068282,0.022782),(109,'[\"찹쌀흑미밥\", \"콩비지찌개\", \"갈치구이\", \"참나물\"]',0.825392,0.083387,0.068326,0.022895),(110,'[\"잡곡밥\", \"청국장찌개\", \"오징어순대\", \"브로콜리볶음\"]',0.813638,0.111866,0.060903,0.013594),(111,'[\"하이라이스\", \"콩나물된장찌개\", \"쇠고기수육\", \"기피편\"]',0.813537,0.111778,0.061136,0.013549),(133,'[\"완두콩밥\", \"호박 된장국\", \"코다리조림\", \"어묵조림\"]',0.813665,0.111665,0.061168,0.013502),(134,'[\"쇠고기주먹밥\", \"울면\", \"쇠고기수육\", \"숙주나물\"]',0.813579,0.11184,0.061013,0.013568),(135,'[\"참치볶음밥\", \"메밀묵 묵국\", \"참치머리구이\", \"배추나물\"]',0.822834,0.103129,0.051225,0.022811),(136,'[\"비빔냉면\", \"호박고추장찌개\", \"소고기장조림\", \"오이지무침\"]',0.822971,0.102662,0.051482,0.022885),(137,'[\"회덮밥\", \"아욱된장국\", \"채소돼지고기볶음\", \"송편(콩)\"]',0.822851,0.102892,0.051371,0.022885),(138,'[\"유부초밥\", \"얼갈이배춧국\", \"북어찜\", \"오징어채 도라지생채\"]',0.822601,0.103014,0.051535,0.02285),(139,'[\"오므라이스\", \"어묵 김치찌개\", \"쥐포구이\", \"견과류멸치볶음\"]',0.822907,0.102718,0.05152,0.022855),(140,'[\"장어덮밥\", \"배추된장국\", \"쇠고기장조림\", \"오징어채 도라지생채\"]',0.822814,0.103058,0.051214,0.022913),(141,'[\"육회비빔밥\", \"버섯찌개\", \"쇠고기수육\", \"된장열무나물\"]',0.822949,0.082342,0.071797,0.022911),(142,'[\"오징어덮밥\", \"쑥된장국\", \"아구찜\", \"총각김치\"]',0.81354,0.111879,0.061046,0.013535),(143,'[\"현미밥\", \"쇠고기 샤브샤브\", \"쇠고기장조림\", \"배추나물\"]',0.813538,0.112379,0.060453,0.01363),(144,'[\"찰밥\", \"우렁된장국\", \"참꼬막\", \"열무김치\"]',0.813713,0.111753,0.060912,0.013622),(145,'[\"비빔냉면\", \"청국장찌개\", \"쥐포구이\", \"팥찹쌀떡\"]',0.812042,0.122055,0.053856,0.012047),(146,'[\"잡곡밥\", \"복지리탕\", \"쇠고기사태찜\", \"수수팥떡\"]',0.813682,0.111644,0.060964,0.013711),(147,'[\"영양돌솥밥\", \"전복탕\", \"소고기 사태찜\", \"청포묵무침\"]',0.822937,0.102623,0.051635,0.022805),(148,'[\"잡곡밥\", \"애호박된장국\", \"소고기장조림\", \"소고기 완자전\"]',0.823083,0.081554,0.072461,0.022903),(149,'[\"현미밥\", \"쇠고기배춧국\", \"채소돼지고기볶음\", \"참나물무침\"]',0.822795,0.103091,0.051272,0.022842),(150,'[\"오징어덮밥\", \"들깨국\", \"배추김치 고등어조림\", \"꽈리고추멸치볶음\"]',0.822749,0.10294,0.051397,0.022915),(151,'[\"불고기덮밥\", \"애호박된장국\", \"북어찜\", \"고들빼기\"]',0.822707,0.102789,0.051668,0.022836),(152,'[\"불고기덮밥\", \"쇠고기된장찌개\", \"쇠고기장조림\", \"무짠지\"]',0.822975,0.102792,0.051289,0.022945),(153,'[\"송이덮밥\", \"대합 미역국\", \"돼지고기찜\", \"간장소금시금치나물\"]',0.822806,0.102861,0.051463,0.02287),(154,'[\"카레라이스\", \"얼갈이배춧국\", \"소고기 사태찜\", \"고들빼기김치\"]',0.823098,0.102646,0.051385,0.02287),(155,'[\"현미밥\", \"해물된장국\", \"뱅어포구이\", \"파무침\"]',0.822846,0.102854,0.051452,0.022848),(156,'[\"참치덮밥\", \"미역국\", \"양념꽃게장\", \"새우젓 달걀찜\"]',0.822719,0.102947,0.051616,0.022718),(157,'[\"잡곡밥\", \"소고기버섯죽\", \"조기찜\", \"고들빼기김치\"]',0.822832,0.102928,0.051406,0.022833),(158,'[\"오곡밥\", \"된장 소고기 두부찌개\", \"버섯소고기볶음\", \"풋고추찜\"]',0.823211,0.10288,0.051039,0.022869),(159,'[\"잡탕밥\", \"소고기무국\", \"팔보채\", \"가죽나물무침\"]',0.822724,0.082527,0.07192,0.022829),(160,'[\"오징어덮밥\", \"초당순두부\", \"채소돼지갈비찜\", \"부추오이무침\"]',0.82307,0.102922,0.05115,0.022857),(161,'[\"무밥\", \"오리고기죽\", \"소고기장조림\", \"돼지고기 완자전\"]',0.822814,0.10286,0.05163,0.022696),(162,'[\"차조밥\", \"닭고기육개장\", \"채소소고기볶음\", \"유채나물\"]',0.822784,0.103056,0.051298,0.022862),(163,'[\"회덮밥\", \"감자 된장국\", \"쇠고기수육\", \"당근달걀찜\"]',0.823543,0.081834,0.071786,0.022837),(164,'[\"볶음밥\", \"전복탕\", \"뱅어포구이\", \"어묵채소볶음\"]',0.822829,0.102889,0.051426,0.022856),(165,'[\"오곡밥\", \"소고기샤브샤브\", \"쇠갈비찜\", \"양장피\"]',0.822946,0.102719,0.051439,0.022896),(166,'[\"잡곡밥\", \"고추장 소고기 두부찌개\", \"매운양념채소돼지갈비찜\", \"파래무침\"]',0.822933,0.102823,0.051405,0.022838),(167,'[\"회덮밥\", \"청국장찌개\", \"새우볶음\", \"고들빼기김치\"]',0.822852,0.102837,0.051472,0.022839),(168,'[\"찹쌀 흑미밥\", \"고기만두 만두국\", \"채소돼지고기볶음\", \"소라산적\"]',0.824099,0.082152,0.070922,0.022827),(169,'[\"수수밥\", \"우렁된장국\", \"쇠고기채소볶음\", \"새싹샐러드\"]',0.82289,0.103011,0.051237,0.022862),(170,'[\"회덮밥\", \"조개된장찌개\", \"소고기 감비찜\", \"오이부추무침\"]',0.822711,0.102812,0.051591,0.022886),(171,'[\"오곡밥\", \"콩비지찌개\", \"병어조림\", \"어묵볶음\"]',0.822915,0.102751,0.051432,0.022903),(172,'[\"흑미밥\", \"새우젓두부찌개\", \"조기조림\", \"배추나물무침\"]',0.822568,0.103117,0.05154,0.022775),(173,'[\"회덮밥\", \"소고기 미역국\", \"쇠고기장조림\", \"호박오가리나물무침\"]',0.822825,0.102858,0.051462,0.022854),(174,'[\"장어덮밥\", \"아욱된장국\", \"쇠고기장조림\", \"풋마늘무침\"]',0.822876,0.102645,0.051613,0.022866),(175,'[\"비빔밥\", \"얼갈이배추된장국\", \"코다리찜\", \"오이소박이\"]',0.822368,0.102979,0.051782,0.02287),(176,'[\"회덮밥\", \"백합죽\", \"쇠고기완자전\", \"총각김치\"]',0.822878,0.102975,0.051283,0.022863),(177,'[\"콩나물밥\", \"새우 미역국\", \"쇠불고기\", \"양념갈치젓\"]',0.82293,0.102573,0.051648,0.022848),(178,'[\"비빔냉면\", \"복지리탕\", \"버섯 소고기볶음\", \"양념멸치젓\"]',0.822582,0.082714,0.071969,0.022735),(179,'[\"육회비빔밥\", \"올갱이국수\", \"소고기메추리알장조림\", \"달걀후라이\"]',0.8229,0.103054,0.051192,0.022854),(180,'[\"잡곡밥\", \"쑥된장국\", \"오징어물회\", \"풋고추멸치볶음\"]',0.813716,0.111976,0.060627,0.013681),(181,'[\"비빔밥\", \"새우 미역국\", \"코다리찜\", \"동치미\"]',0.823045,0.102806,0.051311,0.022838),(182,'[\"송이덮밥\", \"선지 해장국\", \"새우구이\", \"양파부추무침\"]',0.82286,0.082098,0.072194,0.022848),(183,'[\"해물덮밥\", \"시래기된장국\", \"회무침\", \"청포묵무침\"]',0.822875,0.102612,0.051665,0.022848),(184,'[\"콩나물밥\", \"육개장\", \"쇠불고기\", \"버섯조림\"]',0.822838,0.102798,0.051526,0.022837),(185,'[\"쟁반국수\", \"소고기 배추국\", \"양념꽃게장\", \"부추전\"]',0.82316,0.102625,0.05137,0.022845),(186,'[\"오곡밥\", \"된장 소고기 두부찌개\", \"간장꽃게장\", \"오징어채무침\"]',0.813661,0.111827,0.060935,0.013577),(187,'[\"볶음밥\", \"두부 된장찌개\", \"버섯소고기볶음\", \"오징어채조림\"]',0.823027,0.102608,0.05148,0.022886),(188,'[\"영양돌솥밥\", \"북엇국\", \"소고기죽순볶음\", \"총각김치\"]',0.822841,0.102903,0.05134,0.022917),(189,'[\"잡채밥\", \"해물매운탕\", \"조기찜\", \"쥐치채\"]',0.822901,0.102698,0.051512,0.022889),(190,'[\"현미밥\", \"꽁치 김치찌개\", \"소고기 수육\", \"경단\"]',0.822447,0.082105,0.072773,0.022675),(191,'[\"수수밥\", \"우거지 된장국\", \"쇠불고기\", \"쑥절편\"]',0.823107,0.102929,0.051094,0.02287),(192,'[\"소고기볶음밥\", \"어죽\", \"북어조림\", \"유채나물무침\"]',0.822937,0.102868,0.051359,0.022837),(193,'[\"쟁반국수\", \"아욱 된장국\", \"회무침\", \"모듬찰떡\"]',0.822638,0.102763,0.051597,0.023002),(194,'[\"잡채밥\", \"쇠고기배춧국\", \"황태구이\", \"얼갈이배추김치\"]',0.822851,0.102914,0.0514,0.022834),(195,'[\"참치덮밥\", \"아욱된장국\", \"치즈매운양념닭갈비\", \"채소 도토리묵무침\"]',0.823032,0.102849,0.051312,0.022807),(196,'[\"쇠고기볶음밥\", \"어죽\", \"소고기장조림\", \"오징어채조림\"]',0.82273,0.103097,0.051454,0.022719),(197,'[\"오곡밥\", \"어묵김치찌개\", \"새우탕수육\", \"오징어산적\"]',0.813512,0.11204,0.060951,0.013497),(198,'[\"무밥\", \"아구탕\", \"무 코다리조림\", \"유채나물\"]',0.813543,0.111852,0.061059,0.013545),(199,'[\"팥밥\", \"사골국\", \"갈치구이\", \"참나물\"]',0.822917,0.082,0.072217,0.022866),(200,'[\"장어덮밥\", \"달래 된장찌개\", \"문어고추장볶음\", \"된장취나물\"]',0.822859,0.102792,0.051482,0.022866),(201,'[\"잡곡밥\", \"열무김치국수\", \"뱅어포구이\", \"열무김치\"]',0.822874,0.102928,0.051391,0.022807),(202,'[\"무밥\", \"두부김치국\", \"코다리조림\", \"채소 감자볶음\"]',0.813118,0.112396,0.060929,0.013557),(203,'[\"찰밥\", \"해물된장국\", \"북어찜\", \"꽈리고추 잔멸치볶음\"]',0.813412,0.112163,0.060867,0.013558),(204,'[\"소고기볶음밥\", \"어묵김치찌개\", \"고추장문어볶음\", \"고추장시금치나물\"]',0.822634,0.102892,0.051636,0.022839),(205,'[\"찰밥\", \"냉이 된장찌개\", \"소불고기\", \"해초무침\"]',0.822964,0.10315,0.051004,0.022882),(206,'[\"참치덮밥\", \"배추 된장국\", \"팔보채\", \"감자구이\"]',0.822966,0.102704,0.05146,0.022871),(207,'[\"오징어덮밥\", \"쇠고기무국\", \"오징어볶음\", \"숙주나물\"]',0.822819,0.103042,0.051325,0.022814),(208,'[\"비빔밥\", \"홍합미역국\", \"소고기 수육\", \"모듬찰떡\"]',0.822676,0.082663,0.071884,0.022778),(209,'[\"잡곡밥\", \"달래 된장찌개\", \"쇠고기장조림\", \"열무된장나물무침\"]',0.813468,0.112395,0.06062,0.013518),(210,'[\"회덮밥\", \"미역된장국\", \"돼지고기찜\", \"파김치\"]',0.823273,0.102343,0.051517,0.022868),(211,'[\"찰밥\", \"얼갈이배춧국\", \"참치머리구이\", \"열무김치\"]',0.822899,0.082299,0.071909,0.022893),(212,'[\"오징어덮밥\", \"시금치 된장국\", \"쇠고기장조림\", \"버섯조림\"]',0.813211,0.11218,0.060987,0.013622),(213,'[\"찰밥\", \"얼갈이배추 된장국\", \"소고기죽순볶음\", \"어묵채소볶음\"]',0.822562,0.102891,0.051846,0.022701),(214,'[\"하이라이스\", \"황태해장국\", \"매운양념채소돼지갈비찜\", \"꽈리고추 잔멸치볶음\"]',0.822923,0.102831,0.051365,0.022882),(215,'[\"쟁반국수\", \"어죽\", \"오징어순대\", \"비름나물무침\"]',0.82279,0.103018,0.051432,0.02276),(216,'[\"무밥\", \"새우 미역국\", \"북어찜\", \"식초 무생채\"]',0.813198,0.112105,0.061148,0.013548),(217,'[\"불고기덮밥\", \"우렁된장국\", \"북어조림\", \"조미김\"]',0.822789,0.102909,0.051563,0.022739),(218,'[\"해물덮밥\", \"해물탕\", \"채소 오징어볶음\", \"잔멸치풋고추볶음\"]',0.822858,0.081889,0.072404,0.022849),(219,'[\"콩나물밥\", \"쇠고기전골\", \"쥐포구이\", \"채소오징어무침\"]',0.813514,0.111966,0.060966,0.013554),(220,'[\"잡곡밥\", \"사골국\", \"코다리찜\", \"산자\"]',0.813551,0.111678,0.061212,0.013559),(221,'[\"콩나물밥\", \"된장 소고기 두부찌개\", \"오징어돼지고기볶음\", \"견과류멸치볶음\"]',0.82296,0.102729,0.051363,0.022949),(222,'[\"현미밥\", \"얼갈이배춧국\", \"소고기 사태찜\", \"유채나물\"]',0.82305,0.102767,0.051406,0.022778),(223,'[\"완두콩밥\", \"소고기무국\", \"팔보채\", \"돌나물물김치\"]',0.813325,0.111765,0.061373,0.013536),(224,'[\"잡탕밥\", \"고춧가루어묵국\", \"매운양념닭찜\", \"양파부추무침\"]',0.82236,0.103212,0.051491,0.022937),(225,'[\"오징어덮밥\", \"어묵김치찌개\", \"코다리찜\", \"버섯조림\"]',0.813563,0.111976,0.060911,0.013549),(226,'[\"잡곡밥\", \"우렁된장국\", \"북어조림\", \"양파볶음\"]',0.813718,0.111633,0.060992,0.013656),(227,'[\"차조밥\", \"소고기 샤브샤브\", \"갈치구이\", \"어묵채소볶음\"]',0.823111,0.081512,0.071988,0.023389),(228,'[\"현미밥\", \"아욱된장국\", \"뱅어포구이\", \"감자구이\"]',0.822784,0.102729,0.051624,0.022863),(229,'[\"하이라이스\", \"배추 된장국\", \"채소돼지고기볶음\", \"표고버섯볶음\"]',0.823028,0.102745,0.051363,0.022864),(230,'[\"해물덮밥\", \"해물칼국수\", \"코다리조림\", \"채소오징어무침\"]',0.813415,0.111862,0.061241,0.013483),(231,'[\"오징어덮밥\", \"소고기 배추국\", \"메추리알장조림\", \"오이부추무침\"]',0.823188,0.102513,0.051431,0.022868),(232,'[\"흑미밥\", \"우럭매운탕\", \"오징어조림\", \"멸치마능쫑볶음\"]',0.813652,0.111741,0.060972,0.013635),(233,'[\"잡채밥\", \"콩나물 김치국\", \"팔보채\", \"마늘쫑멸치볶음\"]',0.82277,0.102939,0.051466,0.022825),(234,'[\"오징어덮밥\", \"재첩국\", \"키조개구이\", \"풋고추멸치볶음\"]',0.813609,0.111995,0.060815,0.01358),(235,'[\"잡탕밥\", \"새우미역국\", \"채소소고기볶음\", \"약식\"]',0.823137,0.102463,0.051454,0.022947),(236,'[\"영양돌솥밥\", \"북엇국\", \"소고기죽순볶음\", \"오이김치\"]',0.822734,0.102785,0.051652,0.022829),(237,'[\"찰밥\", \"조갯국\", \"참치머리구이\", \"고들빼기김치\"]',0.822929,0.082147,0.072007,0.022917),(238,'[\"찰밥\", \"닭고기 육개장\", \"양념게장\", \"달걀후라이\"]',0.813071,0.111876,0.061472,0.013582),(239,'[\"볶음밥\", \"얼갈이배추된장국\", \"소안심 스테이크\", \"찐고구마\"]',0.812991,0.112269,0.061281,0.013459),(240,'[\"볶음밥\", \"소고기전골\", \"소안심 스테이크\", \"풋고추된장무침\"]',0.82281,0.08266,0.071826,0.022705),(241,'[\"콩나물밥\", \"콩나물국\", \"조기찜\", \"오이지\"]',0.822859,0.102836,0.051421,0.022884),(242,'[\"해물덮밥\", \"쇠고기무국\", \"쥐포구이\", \"가자미식해\"]',0.813475,0.111981,0.061055,0.013489),(243,'[\"카레라이스\", \"쑥 된장국\", \"채소매운양념돼지갈비찜\", \"잔멸치풋고추볶음\"]',0.822698,0.102977,0.051476,0.02285),(244,'[\"잡채밥\", \"해물된장국\", \"황태구이\", \"풋마늘무침\"]',0.822841,0.103082,0.051275,0.022803),(245,'[\"참치덮밥\", \"바지락 된장찌개\", \"소고기메추리알장조림\", \"츄러스\"]',0.823057,0.102641,0.051409,0.022893),(246,'[\"오징어덮밥\", \"알탕\", \"월남쌈\", \"양송이버섯볶음\"]',0.822729,0.102979,0.051456,0.022837),(247,'[\"장어덮밥\", \"쇠고기미역국\", \"고추장문어볶음\", \"양념오징어젓\"]',0.822842,0.103026,0.051434,0.022698),(248,'[\"오징어덮밥\", \"배추 된장국\", \"키조개구이\", \"꽈리고추 잔멸치볶음\"]',0.81382,0.111716,0.060872,0.013592),(249,'[\"찰밥\", \"새우젓두부찌개\", \"쇠고기장조림\", \"가죽나물무침\"]',0.813611,0.111562,0.061174,0.013653),(250,'[\"알밥\", \"냉이 된장찌개\", \"채소오징어볶음\", \"풋마늘무침\"]',0.822753,0.102951,0.051352,0.022944),(251,'[\"차조밥\", \"시금치된장국\", \"채소돼지고기볶음\", \"채소 어묵볶음\"]',0.822616,0.103171,0.05137,0.022844),(252,'[\"완두콩밥\", \"청국장찌개\", \"쇠고기장조림\", \"파래무침\"]',0.813612,0.111728,0.0611,0.013559),(253,'[\"알밥\", \"냉이두부된장국\", \"쇠고기수육\", \"송편(콩)\"]',0.822516,0.082665,0.071948,0.02287),(254,'[\"불고기덮밥\", \"미역국\", \"소고기 수육\", \"서대회무침\"]',0.822793,0.082318,0.071973,0.022917),(255,'[\"차조밥\", \"북엇국\", \"코다리조림\", \"탕평채\"]',0.813474,0.111928,0.061104,0.013494),(256,'[\"불고기덮밥\", \"두부 된장찌개\", \"코다리찜\", \"오이부추무침\"]',0.822878,0.102935,0.051354,0.022834),(257,'[\"육회비빔밥\", \"두부 된장찌개\", \"버섯돼지고기볶음\", \"풋마늘무침\"]',0.822791,0.102846,0.051432,0.022931),(258,'[\"불고기덮밥\", \"배추김치청국장찌개\", \"북어찜\", \"돌나물물김치\"]',0.822266,0.103273,0.051609,0.022852),(259,'[\"오징어덮밥\", \"냉이두부된장국\", \"간장게장\", \"해물콩나물찜\"]',0.813183,0.112395,0.060868,0.013554),(260,'[\"잡채밥\", \"알탕\", \"쇠고기채소볶음\", \"된장 배추나물\"]',0.822695,0.102934,0.051519,0.022851),(261,'[\"카레라이스\", \"선지 해장국\", \"쇠불고기\", \"증편\"]',0.822912,0.102732,0.051445,0.022912);
/*!40000 ALTER TABLE `food_combinations` ENABLE KEYS */;
UNLOCK TABLES;

--
-- Table structure for table `intermittent_fasting_timer`
--

DROP TABLE IF EXISTS `intermittent_fasting_timer`;
/*!40101 SET @saved_cs_client     = @@character_set_client */;
/*!50503 SET character_set_client = utf8mb4 */;
CREATE TABLE `intermittent_fasting_timer` (
  `intermittent_fasting_timer_id` bigint NOT NULL AUTO_INCREMENT,
  `user_id` bigint NOT NULL,
  `start_time` time NOT NULL,
  `end_time` time NOT NULL,
  PRIMARY KEY (`intermittent_fasting_timer_id`),
  KEY `fk_users_intermittent_fasting_timer` (`user_id`),
  CONSTRAINT `fk_users_intermittent_fasting_timer` FOREIGN KEY (`user_id`) REFERENCES `users` (`user_id`) ON DELETE CASCADE
) ENGINE=InnoDB AUTO_INCREMENT=8 DEFAULT CHARSET=utf8mb4 COLLATE=utf8mb4_0900_ai_ci;
/*!40101 SET character_set_client = @saved_cs_client */;

--
-- Dumping data for table `intermittent_fasting_timer`
--

LOCK TABLES `intermittent_fasting_timer` WRITE;
/*!40000 ALTER TABLE `intermittent_fasting_timer` DISABLE KEYS */;
INSERT INTO `intermittent_fasting_timer` VALUES (4,3,'09:56:00','15:00:00');
/*!40000 ALTER TABLE `intermittent_fasting_timer` ENABLE KEYS */;
UNLOCK TABLES;

--
-- Table structure for table `supplement`
--

DROP TABLE IF EXISTS `supplement`;
/*!40101 SET @saved_cs_client     = @@character_set_client */;
/*!50503 SET character_set_client = utf8mb4 */;
CREATE TABLE `supplement` (
  `supplement_id` bigint NOT NULL AUTO_INCREMENT,
  `user_id` bigint NOT NULL,
  `name` varchar(30) NOT NULL,
  `alert_time` time DEFAULT NULL,
  `taken_yn` tinyint DEFAULT '0',
  PRIMARY KEY (`supplement_id`),
  KEY `fk_users_supplement` (`user_id`),
  CONSTRAINT `fk_users_supplement` FOREIGN KEY (`user_id`) REFERENCES `users` (`user_id`) ON DELETE CASCADE
) ENGINE=InnoDB AUTO_INCREMENT=36 DEFAULT CHARSET=utf8mb4 COLLATE=utf8mb4_0900_ai_ci;
/*!40101 SET character_set_client = @saved_cs_client */;

--
-- Dumping data for table `supplement`
--

LOCK TABLES `supplement` WRITE;
/*!40000 ALTER TABLE `supplement` DISABLE KEYS */;
INSERT INTO `supplement` VALUES (6,2,'Vitamin G','09:30:00',0),(7,2,'Vitamin D','09:30:00',0),(8,2,'Vitamin E','08:30:00',0),(9,2,'Vitamin a','00:45:00',0),(10,2,'Vitamin c','00:40:00',0),(11,2,'aaaa','11:09:00',0),(12,2,'cccc','13:30:00',0),(13,2,'ddddd','13:30:00',0),(14,2,'ad','13:30:00',0),(15,2,'zzzz','13:39:00',0),(16,2,'adfa','13:30:00',0),(17,2,'ccc','00:00:00',0),(18,2,'vitamin','00:00:00',0),(19,2,'qqq','13:30:00',0),(20,4,'123','13:51:00',1),(21,4,'1','14:02:08',0),(22,4,'2','14:10:12',0),(23,4,'3','14:12:16',0),(24,4,'4','05:10:19',0),(25,4,'5','14:43:00',1),(26,4,'6','14:30:00',0),(27,4,'7','14:54:00',0),(28,4,'8','17:06:00',0),(29,4,'9','17:04:00',0),(30,4,'1111','01:01:00',0),(31,4,'가나다하','01:11:00',0),(32,1,'종합 비타민','10:00:00',0),(33,1,'오메가 3','18:00:00',0),(34,1,'마그네슘','12:00:00',0),(35,1,'비타민','10:00:00',0);
/*!40000 ALTER TABLE `supplement` ENABLE KEYS */;
UNLOCK TABLES;

--
-- Table structure for table `supplement_log`
--

DROP TABLE IF EXISTS `supplement_log`;
/*!40101 SET @saved_cs_client     = @@character_set_client */;
/*!50503 SET character_set_client = utf8mb4 */;
CREATE TABLE `supplement_log` (
  `supplement_log_id` bigint NOT NULL AUTO_INCREMENT,
  `supplement_id` bigint NOT NULL,
  `create_date` datetime NOT NULL,
  PRIMARY KEY (`supplement_log_id`),
  KEY `fk_supplement_supplement_log` (`supplement_id`),
  CONSTRAINT `fk_supplement_supplement_log` FOREIGN KEY (`supplement_id`) REFERENCES `supplement` (`supplement_id`) ON DELETE CASCADE
) ENGINE=InnoDB DEFAULT CHARSET=utf8mb4 COLLATE=utf8mb4_0900_ai_ci;
/*!40101 SET character_set_client = @saved_cs_client */;

--
-- Dumping data for table `supplement_log`
--

LOCK TABLES `supplement_log` WRITE;
/*!40000 ALTER TABLE `supplement_log` DISABLE KEYS */;
/*!40000 ALTER TABLE `supplement_log` ENABLE KEYS */;
UNLOCK TABLES;

--
-- Table structure for table `user_community`
--

DROP TABLE IF EXISTS `user_community`;
/*!40101 SET @saved_cs_client     = @@character_set_client */;
/*!50503 SET character_set_client = utf8mb4 */;
CREATE TABLE `user_community` (
  `user_community_id` bigint NOT NULL AUTO_INCREMENT,
  `user_id` bigint NOT NULL,
  `community_id` bigint NOT NULL,
  PRIMARY KEY (`user_community_id`),
  KEY `fk_users_user_community` (`user_id`),
  KEY `fk_community_user_community` (`community_id`),
  CONSTRAINT `fk_community_user_community` FOREIGN KEY (`community_id`) REFERENCES `community` (`community_id`) ON DELETE CASCADE,
  CONSTRAINT `fk_users_user_community` FOREIGN KEY (`user_id`) REFERENCES `users` (`user_id`) ON DELETE CASCADE
) ENGINE=InnoDB AUTO_INCREMENT=18 DEFAULT CHARSET=utf8mb4 COLLATE=utf8mb4_0900_ai_ci;
/*!40101 SET character_set_client = @saved_cs_client */;

--
-- Dumping data for table `user_community`
--

LOCK TABLES `user_community` WRITE;
/*!40000 ALTER TABLE `user_community` DISABLE KEYS */;
INSERT INTO `user_community` VALUES (14,1,11),(15,2,11),(16,4,11),(17,8,11);
/*!40000 ALTER TABLE `user_community` ENABLE KEYS */;
UNLOCK TABLES;

--
-- Table structure for table `user_health`
--

DROP TABLE IF EXISTS `user_health`;
/*!40101 SET @saved_cs_client     = @@character_set_client */;
/*!50503 SET character_set_client = utf8mb4 */;
CREATE TABLE `user_health` (
  `user_health_id` bigint NOT NULL AUTO_INCREMENT,
  `user_id` bigint NOT NULL,
  `measured_date` date DEFAULT NULL,
  `weight` double DEFAULT NULL,
  `body_fat` double DEFAULT NULL,
  `skeletal_muscle` double DEFAULT NULL,
  `bmr` double DEFAULT NULL,
  `bmi` double DEFAULT NULL,
  PRIMARY KEY (`user_health_id`),
  KEY `fk_users_user_health` (`user_id`),
  CONSTRAINT `fk_users_user_health` FOREIGN KEY (`user_id`) REFERENCES `users` (`user_id`) ON DELETE CASCADE
) ENGINE=InnoDB AUTO_INCREMENT=35 DEFAULT CHARSET=utf8mb4 COLLATE=utf8mb4_0900_ai_ci;
/*!40101 SET character_set_client = @saved_cs_client */;

--
-- Dumping data for table `user_health`
--

LOCK TABLES `user_health` WRITE;
/*!40000 ALTER TABLE `user_health` DISABLE KEYS */;
INSERT INTO `user_health` VALUES (1,2,'2024-05-01',75.6,15.2,33.8,1800.5,NULL),(3,2,'2024-05-03',82,22.7,25.3,1738,19),(4,3,'2024-05-03',70.5,18.3,65.2,1800.5,0.0024166479276472746),(5,2,'2024-04-01',73,19,61,1600,0.0024),(8,3,'2024-05-10',70,24,32,1693.7,23.995085806426836),(9,4,'2024-05-10',30,10,10,1500,10),(11,4,'2024-05-14',12,12,12,12,12),(16,2,'2024-05-16',82,12,12,1713,23.959094229364496),(17,1,'2024-05-17',65,18,31,1870.2,19.623233908948194),(18,1,'2024-05-16',82,24.2,24.9,1713,24.755464315903875),(19,1,'2024-05-15',70.1,15.5,34.2,1759.2,21.2),(20,1,'2024-05-14',77,16.1,34.3,1851.4,23.2),(21,1,'2024-05-13',76.7,13.7,33.6,1847,23.1),(22,1,'2024-05-12',74,17.3,33.8,1810.9,22.3),(23,1,'2024-05-11',70.7,14.4,35.1,1767.4,21.4),(24,1,'2024-05-10',67.7,16.3,38.8,1727.2,20.4),(25,1,'2024-05-09',71.3,11.5,31.9,1774.9,21.5),(26,1,'2024-05-08',74.5,13.8,33.2,1817.7,22.5),(27,1,'2024-05-07',74.2,18.6,35.9,1814.5,22.4),(28,1,'2024-05-06',76.6,10.2,34.4,1845.6,23.1),(29,1,'2024-05-05',73,16.1,34.9,1797.6,22),(30,1,'2024-05-04',71.5,11.9,32.2,1777.5,21.6),(31,1,'2024-05-03',69.7,18.6,33.2,1753,21),(32,1,'2024-05-02',71.2,19.6,29.9,1773.3,21.5),(33,1,'2024-05-01',68.8,16.8,34.3,1741.9,20.8),(34,1,'2024-05-19',67,16,21,1897.7,20.227025721531216);
/*!40000 ALTER TABLE `user_health` ENABLE KEYS */;
UNLOCK TABLES;

--
-- Table structure for table `user_inbody_log`
--

DROP TABLE IF EXISTS `user_inbody_log`;
/*!40101 SET @saved_cs_client     = @@character_set_client */;
/*!50503 SET character_set_client = utf8mb4 */;
CREATE TABLE `user_inbody_log` (
  `user_inbody_log_id` int NOT NULL AUTO_INCREMENT,
  `user_id` bigint NOT NULL,
  `body_fat` int NOT NULL,
  `skeletal_muscle` int NOT NULL,
  `create_date` datetime NOT NULL,
  PRIMARY KEY (`user_inbody_log_id`),
  KEY `user_id` (`user_id`),
  CONSTRAINT `user_inbody_log_ibfk_1` FOREIGN KEY (`user_id`) REFERENCES `users` (`user_id`)
) ENGINE=InnoDB AUTO_INCREMENT=2 DEFAULT CHARSET=utf8mb4 COLLATE=utf8mb4_0900_ai_ci;
/*!40101 SET character_set_client = @saved_cs_client */;

--
-- Dumping data for table `user_inbody_log`
--

LOCK TABLES `user_inbody_log` WRITE;
/*!40000 ALTER TABLE `user_inbody_log` DISABLE KEYS */;
INSERT INTO `user_inbody_log` VALUES (1,3,32,23,'2024-05-10 03:14:46');
/*!40000 ALTER TABLE `user_inbody_log` ENABLE KEYS */;
UNLOCK TABLES;

--
-- Table structure for table `user_weight_log`
--

DROP TABLE IF EXISTS `user_weight_log`;
/*!40101 SET @saved_cs_client     = @@character_set_client */;
/*!50503 SET character_set_client = utf8mb4 */;
CREATE TABLE `user_weight_log` (
  `user_weight_log_id` int NOT NULL AUTO_INCREMENT,
  `user_id` bigint NOT NULL,
  `weight` int NOT NULL,
  `create_date` datetime NOT NULL,
  PRIMARY KEY (`user_weight_log_id`),
  KEY `user_id` (`user_id`),
  CONSTRAINT `user_weight_log_ibfk_1` FOREIGN KEY (`user_id`) REFERENCES `users` (`user_id`)
) ENGINE=InnoDB AUTO_INCREMENT=3 DEFAULT CHARSET=utf8mb4 COLLATE=utf8mb4_0900_ai_ci;
/*!40101 SET character_set_client = @saved_cs_client */;

--
-- Dumping data for table `user_weight_log`
--

LOCK TABLES `user_weight_log` WRITE;
/*!40000 ALTER TABLE `user_weight_log` DISABLE KEYS */;
INSERT INTO `user_weight_log` VALUES (1,3,75,'2024-05-10 03:10:24'),(2,3,75,'2024-05-10 03:11:34');
/*!40000 ALTER TABLE `user_weight_log` ENABLE KEYS */;
UNLOCK TABLES;

--
-- Table structure for table `users`
--

DROP TABLE IF EXISTS `users`;
/*!40101 SET @saved_cs_client     = @@character_set_client */;
/*!50503 SET character_set_client = utf8mb4 */;
CREATE TABLE `users` (
  `user_id` bigint NOT NULL AUTO_INCREMENT,
  `email` varchar(50) NOT NULL,
  `nickname` varchar(100) NOT NULL,
  `social_key` varchar(100) NOT NULL,
  `gender` tinyint(1) NOT NULL,
  `age` int NOT NULL,
  `height` double NOT NULL,
  `weight` double NOT NULL,
  `intermittent_fasting_yn` tinyint(1) NOT NULL,
  `user_image_url` varchar(300) DEFAULT NULL,
  `goal_weight` double DEFAULT NULL,
  `goal_end_date` datetime DEFAULT NULL,
  `withdraw_yn` tinyint(1) DEFAULT NULL,
  `role` varchar(20) DEFAULT NULL,
  `fcm_token` varchar(500) DEFAULT NULL,
  `goal_start_weight` double DEFAULT NULL,
  `goal_start_date` datetime DEFAULT NULL,
  PRIMARY KEY (`user_id`),
  UNIQUE KEY `email` (`email`),
  UNIQUE KEY `nickname` (`nickname`)
) ENGINE=InnoDB AUTO_INCREMENT=9 DEFAULT CHARSET=utf8mb4 COLLATE=utf8mb4_0900_ai_ci;
/*!40101 SET character_set_client = @saved_cs_client */;

--
-- Dumping data for table `users`
--

LOCK TABLES `users` WRITE;
/*!40000 ALTER TABLE `users` DISABLE KEYS */;
INSERT INTO `users` VALUES (1,'making1104@gmail.com','서울_6반_마성진','google',0,0,182,67,0,'https://lh3.googleusercontent.com/a/ACg8ocIaoyEmptEFa2_IikFwUiEZs1F6aYHOzqT-dZv4D-w42OpboA=s96-c',70,'2024-05-24 00:00:00',0,'USER','fPEcH9zzTJS1dOKFsy3xDM:APA91bGNGy4kRl28D43NSR8RXVbDCFZ7w0PZCIFC5P9rfTAKiPgONYjQBT1A7caVDCrNK0yo8LuAqGJY6i0PUKGfwulTMjSyrCG8SGy1320Fq1UzvobTpYD7_3SQNWmfLf-jX2cqC_VI',65,'2024-05-19 00:00:00'),(2,'joo6881@gmail.com','Yun','google',0,0,185,82,0,'https://lh3.googleusercontent.com/a/ACg8ocLTdNqQnVaDAZY7MwbV-dzLcpNneppvuvWyaM3XEGAJhwyWrw=s96-c',78,'2024-05-17 00:00:00',0,'USER','',NULL,NULL),(3,'mnvyiions@gmail.com','jimin-kimmm','google',1,28,170.8,78,1,'https://lh3.googleusercontent.com/a/ACg8ocL6r1rap5S0u6Gn0zC1yCkCgnf4inTSYsKvW-jlyLPT_ppzLQ=s96-c',80,'2024-05-18 00:00:00',0,'USER','ec3ihlc8S4SZWZL0YLZiui:APA91bHtZGzU9c7QNo471Mff3UZ-MH-LjzjiOg6r7MaozYnvbsqrtxz9grAxSYr4nNOhS6G5EhxaURQ7gvQmcfsQd6Od9YItPVbUMrkYclyy05OgUh6tBY3JemaBmTknuignjoP2XfjP',75,'2024-05-16 00:00:00'),(4,'cjh33399@gmail.com','최지희','google',0,0,0,11,0,'https://lh3.googleusercontent.com/a/ACg8ocInn6fOJF8jU06eNNfPcvl97cINGKpEXTdmrPyhWmUBT_Bjmfo=s96-c',20,'2024-05-19 00:00:00',0,'USER','cb-9seOWR96iTj-Cxkybnu:APA91bFHaFlz0euKTDqkU-UZwQqeokOiwqWCegcjIDoL-E_NEnJLuLIba64hd-rcuN6zouRS3gqJuRGfUp2FbGnGJHeTZpuaU7RDEVgZkgZNZdpp3YFMoYdyvtWk6890uptKaa_5jmtu',11,'2024-05-19 00:00:00'),(5,'hgfdsa4320@gmail.com','jimin-kim','google',1,28,170.8,60.41,0,'https://mealtoyou.kr.object.ncloudstorage.com/meal-to-you/d29029a6-e281-416e-87b7-abc5f4e48c69_%EB%A7%8C%ED%99%94%EC%96%91%ED%8C%8C.PNG',NULL,NULL,0,'USER',NULL,NULL,NULL),(6,'spyair970706@gmail.com','하우징','google',0,0,0,0,0,'https://lh3.googleusercontent.com/a/ACg8ocLkEaMRr5Qwy1kN3hZss7yUK8hWih0vkgQZqvKgRxTfK0j6dTSH=s96-c',NULL,NULL,0,'USER',NULL,NULL,NULL),(7,'dalkak.store@gmail.com','dalkak','google',0,0,0,0,0,'https://lh3.googleusercontent.com/a/ACg8ocIqAGO0kb48jvwJk5j-R3rwXeWIiJqOLcoP9e_MOqAr4n6oSA=s96-c',NULL,NULL,0,'USER','cdTGD2t5Rn-TjCfmVZVlBH:APA91bEJVui6BdiG-7BoDA12zXSz31mYQMgq0kj-sPWfj36-CtXSb41tJz0LWWQjPDoZIEYwE22BG_U_-TB7UuUODsKdWiCOziHv6jADAFTqwNLIm-InrGfLwPAhDelKe999xjg_3_ZZ',NULL,NULL),(8,'jmg970706@gmail.com','민균','google',0,0,0,0,0,'https://lh3.googleusercontent.com/a/ACg8ocJPxcRHCmnOOZxa23ZLUE5UdcKeboViG6OZRTwonEl_9Vkx3h8=s96-c',NULL,NULL,0,'USER','fJUG20UDQdmZP1CS3kjFAl:APA91bE9R56x9fjEYD68tRIJI2voSMT8uxieaXCX4aE9-6_IqYuy_TYBggxpqnDnoxlFQGEPVAmhYkEgbaWI-UEz7EBf8E8jkJG-lS_zbEq4O9tzSPVQctOxf3HHXNPMr2afmGenYMOV',NULL,NULL);
/*!40000 ALTER TABLE `users` ENABLE KEYS */;
UNLOCK TABLES;
/*!40103 SET TIME_ZONE=@OLD_TIME_ZONE */;

/*!40101 SET SQL_MODE=@OLD_SQL_MODE */;
/*!40014 SET FOREIGN_KEY_CHECKS=@OLD_FOREIGN_KEY_CHECKS */;
/*!40014 SET UNIQUE_CHECKS=@OLD_UNIQUE_CHECKS */;
/*!40101 SET CHARACTER_SET_CLIENT=@OLD_CHARACTER_SET_CLIENT */;
/*!40101 SET CHARACTER_SET_RESULTS=@OLD_CHARACTER_SET_RESULTS */;
/*!40101 SET COLLATION_CONNECTION=@OLD_COLLATION_CONNECTION */;
/*!40111 SET SQL_NOTES=@OLD_SQL_NOTES */;

-- Dump completed on 2024-05-20  0:14:09
